NBa7we src,d4r55,RfnDt,rsqaWe,
https://lh3.googleusercontent.com/a-/ALV-UjUjnTg3PE338ISecJTH4IhjLDVeL29VMGR6D-bFbmjxBdvSCYi-=w72-h72-p-rp-mo-ba3-br100,Bae Bee,Local Guide Â· 40 reviews Â· 5 photos,4 years ago,"The best place to gain knowledge, thank you FKIK for being a part of my life. Thank you to the lecturers who have been very good in guiding and always friendly?? …"
https://lh3.googleusercontent.com/a-/ALV-UjWYbdDUWtLcrGqaT2CW1gNacaI361AvuLpVhP2K6TfE-Z4bs1X1kA=w72-h72-p-rp-mo-br100,ve franscie,3 reviews,4 years ago,"Positive Communication, Quality, Professionalism, Value"
https://lh3.googleusercontent.com/a/ACg8ocL71sDZezt092_n_jjX2IkwHt4RNKbhI0y605oUo9DrP0CK2A=w72-h72-p-rp-mo-br100,kencuzz dwi nugroho,1 review Â· 1 photo,2 months ago,
https://lh3.googleusercontent.com/a/ACg8ocInVeHAxWCSRoAzws3PDPzH6WXAQ4vd0p68WNGvtCn9Yn9U9g=w72-h72-p-rp-mo-br100,Kartono Tjandra,1 review,4 months ago,
https://lh3.googleusercontent.com/a/ACg8ocLI3b9JiKg8Zqq1huWMBgBgx25e2GRe4OUmxaT1-HwPg3O_tw=w72-h72-p-rp-mo-br100,Maya Puspitasari,3 reviews,11 months ago,
https://lh3.googleusercontent.com/a-/ALV-UjW7jwkconKaVVi-GfePm2gl2J_c9sw1iG2rBpgNioX5j2o9OnOz=w72-h72-p-rp-mo-ba3-br100,Steffany Husodo,Local Guide Â· 26 reviews Â· 18 photos,a year ago,
https://lh3.googleusercontent.com/a-/ALV-UjWQ1X9P14NrS1zY8jzHa9WZAOUcAOJrG-0O21JrMiiG-CJpTWA=w72-h72-p-rp-mo-br100,andrew johan,2 reviews Â· 1 photo,a year ago,
https://lh3.googleusercontent.com/a/ACg8ocKeREaI6R3b_1XP-pAsQvrK05byklZ5iPARBIGUze_5dlP9LH-A=w72-h72-p-rp-mo-br100,Yuniar Damayanti,,2 years ago,
https://lh3.googleusercontent.com/a-/ALV-UjUy2vB79ANxbtX085Cwnuokx4I9YkTa8itIDZK0MCg41AnqCU04=w72-h72-p-rp-mo-br100,Yosi Civic Sinurat,3 photos,2 years ago,
https://lh3.googleusercontent.com/a-/ALV-UjUjJUhcBcDKjU2RSccXGm4pEaUdrS-f-VwtSevJXlmhbj2v5G45=w72-h72-p-rp-mo-br100,Putri Martha Sari,3 reviews Â· 1 photo,2 years ago,
https://lh3.googleusercontent.com/a-/ALV-UjXJ8Mairuba_2N49wY0k8yPA2tAbXVpyYIH7Bk62uZf4CAnUc46=w72-h72-p-rp-mo-br100,Noob Player,,2 years ago,
https://lh3.googleusercontent.com/a/ACg8ocLd0Jyr4Ts3c5KF9lYxpULk0e5Jq6LMM4RKA3Pkn874JM_LHWCg=w72-h72-p-rp-mo-br100,Yoshef Tommy (Yoshef1000),,3 years ago,
https://lh3.googleusercontent.com/a-/ALV-UjVDPSwOUenMc9rOzxS0jzZjYGJk_whzP0ILMyTM4Bnw3LDRxROf=w72-h72-p-rp-mo-br100,Farah Yanuba,4 reviews Â· 43 photos,3 years ago,
https://lh3.googleusercontent.com/a-/ALV-UjU6Z-P0KNt3hNbEaykn5IQwJnDQQ0kdLbM6wL_ZW9-9PuqCys39=w72-h72-p-rp-mo-ba3-br100,Yovita Ratnadewanti,Local Guide Â· 6 reviews Â· 7 photos,3 years ago,
https://lh3.googleusercontent.com/a-/ALV-UjWxfITikkPncjy48qM4O4z6TP-2FntCkihTr5iAJ_v-BOdJYQX-=w72-h72-p-rp-mo-br100,Nanda Agatha Natasya,1 review Â· 4 photos,3 years ago,
https://lh3.googleusercontent.com/a-/ALV-UjUKxnn5MIBM1_pM7z3lnBLtt1cglBhF05ZdTQR2sH5FfhI_OUkI=w72-h72-p-rp-mo-br100,Eka Aryati,,3 years ago,
https://lh3.googleusercontent.com/a-/ALV-UjUf0C6hCS3-08ScNbEVRmyP3qtdvPNmOyjmUmpMJLBsvphpA8x5=w72-h72-p-rp-mo-ba6-br100,Kukuh Pambuka Putra,"Local Guide Â· 368 reviews Â· 1,301 photos",3 years ago,
https://lh3.googleusercontent.com/a-/ALV-UjUmxqc1RaLUzhYX5i42AVG3HBhn5v2Bo8aLd_3OFzwhWblsnZulHA=w72-h72-p-rp-mo-ba2-br100,Eva Saragih,Local Guide Â· 1 review Â· 32 photos,3 years ago,
https://lh3.googleusercontent.com/a/ACg8ocL0xyClu2x7a-YMtCJfq2lCt6WLHeXTfJl5hLiazahtCURB1G4=w72-h72-p-rp-mo-br100,Riz Alt,,4 years ago,
https://lh3.googleusercontent.com/a-/ALV-UjXMULyNWSzKx1JiqJPy9ny_-UDbNDDE2intnT8ZbIOo5bDjHw=w72-h72-p-rp-mo-br100,Jaya nak noyo Jaya nak noyo,,4 years ago,
